joburl,jobid,title,company,companyurl,companylogo,location,salary,applicantscount,postedat,worktype,seniority,jobfunction,companyindustry,collectedat,searchquery,searchlocation,searchtimerange,descriptionhtml,descriptiontext,url,description_text,description,description_html,employment_type,date_posted,workplace_type,source,id,is_relevant,tech_stack,min_years_exp,salary_min,salary_max,reason,category,salary_currency,salary_unit,hiring_remote_in,salary_range_short,company_overview,posteddate,description_snippet,similarity_score
https://www.linkedin.com/jobs-guest/jobs/api/jobPosting/4410558384,4410558384.0,Senior Solutions Engineer,Tiro Partners Limited,https://uk.linkedin.com/company/tiro-partners-ltd?trk=public_jobs_topcard-org-name,https://media.licdn.com/dms/image/v2/D4E0BAQF89uh-Toflxw/company-logo_100_100/company-logo_100_100/0/1663239100036/tiro_partners_ltd_logo?e=2147483647&v=beta&t=eCO14e-5XusoDDbzvWLuZ5d5SQl675XXU60UzEAO0Ac,"London Area, United Kingdom","£90,000.00/yr - £120,000.00/yr",,2 days ago,Full-time,Senior,Information Technology,"Technology, Information and Media",2026-05-08T07:44:03.101Z,solutions engineer,Europe,30d,"
          <p>Solutions Engineer / AI / Agentic / Financial Services / FinTech / Forward Deployed / Pre-sales</p><p><br></p><p>Senior Solutions Engineer</p><p>Company: Agentic AI x Financial Services</p><p>London (Hybrid)</p><p>Salary: &#xa3;90k&#x2013;&#xa3;120k + Equity</p><p><br></p><p>We&#x2019;re working with a cutting-edge AI company building next-gen agentic systems set to transform financial services. They&#x2019;re hiring a Founding Solutions Engineer to bridge product, engineering, and customers owning the full journey from problem to deployed solution.</p><p><br></p><p><strong>What you&#x2019;ll do:</strong></p><p>&#x2022; Work directly with customers to understand complex problems and design scalable AI solutions</p><p>&#x2022; Architect and deliver end-to-end implementations (from discovery &#x2192; deployment &#x2192; iteration)</p><p>&#x2022; Lead demos, PoCs, and production rollouts</p><p>&#x2022; Act as a trusted technical advisor across pre- &amp; post-sales</p><p>&#x2022; Stay hands-on with Python, APIs, and integrations</p><p>&#x2022; Partner closely with engineering &amp; product to shape what gets built</p><p><br></p><p><strong>What they&#x2019;re looking for:</strong></p><p>&#x2022; Solutions Engineer / Technical Consultant / Forward Deployed Engineer background</p><p>&#x2022; Strong Python + API/integration experience</p><p>&#x2022; Proven track record delivering real-world technical solutions</p><p>&#x2022; Ability to translate business needs into technical architecture</p><p>&#x2022; Interest in AI/LLMs (agentic systems a big plus)</p><p>&#x2022; Experience in financial services</p><p><br></p><p><strong>Why join?</strong></p><p>&#x2022; True founding-level role with high ownership</p><p>&#x2022; Build AI solving mission-critical workflows in finance</p><p>&#x2022; Strong salary + meaningful equity</p><p>&#x2022; Massive scope to shape product + customer impact</p><p><br></p><p>Solutions Engineer / AI / Agentic / Financial Services / FinTech / Forward Deployed / Pre-sales</p>
        ","Solutions Engineer / AI / Agentic / Financial Services / FinTech / Forward Deployed / Pre-salesSenior Solutions EngineerCompany: Agentic AI x Financial ServicesLondon (Hybrid)Salary: £90k–£120k + EquityWe’re working with a cutting-edge AI company building next-gen agentic systems set to transform financial services. They’re hiring a Founding Solutions Engineer to bridge product, engineering, and customers owning the full journey from problem to deployed solution.What you’ll do:• Work directly with customers to understand complex problems and design scalable AI solutions• Architect and deliver end-to-end implementations (from discovery → deployment → iteration)• Lead demos, PoCs, and production rollouts• Act as a trusted technical advisor across pre- & post-sales• Stay hands-on with Python, APIs, and integrations• Partner closely with engineering & product to shape what gets builtWhat they’re looking for:• Solutions Engineer / Technical Consultant / Forward Deployed Engineer background• Strong Python + API/integration experience• Proven track record delivering real-world technical solutions• Ability to translate business needs into technical architecture• Interest in AI/LLMs (agentic systems a big plus)• Experience in financial servicesWhy join?• True founding-level role with high ownership• Build AI solving mission-critical workflows in finance• Strong salary + meaningful equity• Massive scope to shape product + customer impactSolutions Engineer / AI / Agentic / Financial Services / FinTech / Forward Deployed / Pre-sales",https://www.linkedin.com/jobs-guest/jobs/api/jobPosting/4410558384,"Solutions Engineer / AI / Agentic / Financial Services / FinTech / Forward Deployed / Pre-salesSenior Solutions EngineerCompany: Agentic AI x Financial ServicesLondon (Hybrid)Salary: £90k–£120k + EquityWe’re working with a cutting-edge AI company building next-gen agentic systems set to transform financial services. They’re hiring a Founding Solutions Engineer to bridge product, engineering, and customers owning the full journey from problem to deployed solution.What you’ll do:• Work directly with customers to understand complex problems and design scalable AI solutions• Architect and deliver end-to-end implementations (from discovery → deployment → iteration)• Lead demos, PoCs, and production rollouts• Act as a trusted technical advisor across pre- & post-sales• Stay hands-on with Python, APIs, and integrations• Partner closely with engineering & product to shape what gets builtWhat they’re looking for:• Solutions Engineer / Technical Consultant / Forward Deployed Engineer background• Strong Python + API/integration experience• Proven track record delivering real-world technical solutions• Ability to translate business needs into technical architecture• Interest in AI/LLMs (agentic systems a big plus)• Experience in financial servicesWhy join?• True founding-level role with high ownership• Build AI solving mission-critical workflows in finance• Strong salary + meaningful equity• Massive scope to shape product + customer impactSolutions Engineer / AI / Agentic / Financial Services / FinTech / Forward Deployed / Pre-sales","Solutions Engineer / AI / Agentic / Financial Services / FinTech / Forward Deployed / Pre-salesSenior Solutions EngineerCompany: Agentic AI x Financial ServicesLondon (Hybrid)Salary: £90k–£120k + EquityWe’re working with a cutting-edge AI company building next-gen agentic systems set to transform financial services. They’re hiring a Founding Solutions Engineer to bridge product, engineering, and customers owning the full journey from problem to deployed solution.What you’ll do:• Work directly with customers to understand complex problems and design scalable AI solutions• Architect and deliver end-to-end implementations (from discovery → deployment → iteration)• Lead demos, PoCs, and production rollouts• Act as a trusted technical advisor across pre- & post-sales• Stay hands-on with Python, APIs, and integrations• Partner closely with engineering & product to shape what gets builtWhat they’re looking for:• Solutions Engineer / Technical Consultant / Forward Deployed Engineer background• Strong Python + API/integration experience• Proven track record delivering real-world technical solutions• Ability to translate business needs into technical architecture• Interest in AI/LLMs (agentic systems a big plus)• Experience in financial servicesWhy join?• True founding-level role with high ownership• Build AI solving mission-critical workflows in finance• Strong salary + meaningful equity• Massive scope to shape product + customer impactSolutions Engineer / AI / Agentic / Financial Services / FinTech / Forward Deployed / Pre-sales","
          <p>Solutions Engineer / AI / Agentic / Financial Services / FinTech / Forward Deployed / Pre-sales</p><p><br></p><p>Senior Solutions Engineer</p><p>Company: Agentic AI x Financial Services</p><p>London (Hybrid)</p><p>Salary: &#xa3;90k&#x2013;&#xa3;120k + Equity</p><p><br></p><p>We&#x2019;re working with a cutting-edge AI company building next-gen agentic systems set to transform financial services. They&#x2019;re hiring a Founding Solutions Engineer to bridge product, engineering, and customers owning the full journey from problem to deployed solution.</p><p><br></p><p><strong>What you&#x2019;ll do:</strong></p><p>&#x2022; Work directly with customers to understand complex problems and design scalable AI solutions</p><p>&#x2022; Architect and deliver end-to-end implementations (from discovery &#x2192; deployment &#x2192; iteration)</p><p>&#x2022; Lead demos, PoCs, and production rollouts</p><p>&#x2022; Act as a trusted technical advisor across pre- &amp; post-sales</p><p>&#x2022; Stay hands-on with Python, APIs, and integrations</p><p>&#x2022; Partner closely with engineering &amp; product to shape what gets built</p><p><br></p><p><strong>What they&#x2019;re looking for:</strong></p><p>&#x2022; Solutions Engineer / Technical Consultant / Forward Deployed Engineer background</p><p>&#x2022; Strong Python + API/integration experience</p><p>&#x2022; Proven track record delivering real-world technical solutions</p><p>&#x2022; Ability to translate business needs into technical architecture</p><p>&#x2022; Interest in AI/LLMs (agentic systems a big plus)</p><p>&#x2022; Experience in financial services</p><p><br></p><p><strong>Why join?</strong></p><p>&#x2022; True founding-level role with high ownership</p><p>&#x2022; Build AI solving mission-critical workflows in finance</p><p>&#x2022; Strong salary + meaningful equity</p><p>&#x2022; Massive scope to shape product + customer impact</p><p><br></p><p>Solutions Engineer / AI / Agentic / Financial Services / FinTech / Forward Deployed / Pre-sales</p>
        ",Full-time,2 days ago,Full-time,linkedin,19,True,"[""Python""]",5,90000.0,120000.0,"The role involves solving client issues in a pre-sales capacity, relevant to enterprise sales.",,,,,,,,,0.6081632061617293
https://www.linkedin.com/jobs-guest/jobs/api/jobPosting/4408240153,4408240153.0,Pre-Sales Engineer,Sycurio,https://uk.linkedin.com/company/sycurio?trk=public_jobs_topcard-org-name,https://media.licdn.com/dms/image/v2/D4E0BAQHZiarQpwyTYg/company-logo_100_100/B4EZlT3JxgGwAQ-/0/1758048591304/sycurio_logo?e=2147483647&v=beta&t=n3IaKrN5EzWYsqARSuflMI_WBwk0SnMmDJg29oBiAYY,"Guildford, England, United Kingdom",,Be among the first 25 applicants,6 days ago,Full-time,Mid,Sales and Business Development,"Business Consulting and Services, IT Services and IT Consulting, and Professional Training and Coaching",2026-05-08T07:44:02.459Z,pre-sales engineer,Europe,30d,"
          Sycurio is redefining how enterprises handle payments across customer interactions. We replace fragmented, high-risk payment processes with a secure, API-driven platform that spans contact centers, digital channels, and payment systems.<br><br>Our focus is simple: to protect every transaction, in any channel, without disrupting the customer experience, while enabling scale, automation, and compliance by design.<br><br>The Pre-Sales Engineer is the technical lead in the sales cycle, responsible for guiding opportunities from discovery through solution validation to close. Acting as a trusted advisor to enterprise customers and partners, this role ensures technical alignment, accelerates deal progression, and protects solution integrity.<br><br>This role is critical to:<br><br><br><ul><li>Driving high-quality pipeline progression </li><li>Ensuring accurate, scalable, and standardized solution design </li><li>Supporting a solution- and value-led sales motion<br><br><br><br></li></ul><strong>Key Responsibilities:</strong>    <br><br><br><ul><li>Sales Execution &amp; Deal Progression</li><ul><li>Own the technical qualification and solution design for assigned opportunities </li><li>Lead High-Level Design creation and ensure completion within defined timelines </li><li>Identify and resolve technical blockers early to maintain deal velocity <br><br></li></ul><li>Customer Engagement</li><ul><li>Act as the primary technical advisor to enterprise customers and partners </li><li>Deliver executive-level presentations and product demonstrations </li><li>Translate complex technical capabilities into business value and outcomes </li><li>Build credibility across technical, operational, and executive stakeholders <br><br></li></ul><li>Solution Design &amp; Documentation</li><ul><li>Design scalable solutions leveraging template-based architectures </li><li>Capture and document customer requirements and use cases </li><li>Support proposal development with clear, commercially viable designs <br><br></li></ul><li>Sales &amp; Partner Enablement</li><ul><li>Support AEs in customer meetings, workshops, and deal strategy </li><li>Respond to RFIs/RFPs with structured, high-quality technical input </li><li>Train and enable channel partner Sales Engineers <br><br><br></li></ul></ul> Contribute to continuous improvement of demo environments and assets<br><br><strong>Key qualifications, skills, experience:<br><br></strong><strong>Mandatory</strong> <br><br><br><ul><li>Proven experience as a Pre-Sales / Sales Engineer in enterprise SaaS environments </li><li>Strong expertise in either:</li><ul><li>Contact Centre (CCaaS, telephony, IVR, CRM integrations) </li><li>Payments / PCI-compliant systems <br><br></li></ul><li>Executive-level presentations and demos </li><li>RFx responses and tender processes </li><li>Experience designing scalable, standardized solutions </li><li>Excellent communication skills (written and verbal) <br><br><br></li></ul><strong>Technical &amp; Domain Strength<br><br></strong><ul><li>API-based architectures </li><li>Cloud environments (AWS preferred) </li><li>System integrations across CCaaS, CRM, and payment ecosystems </li><li>Ability to translate technical requirements into commercially viable solutions<br><br><br><br></li></ul><strong>Behavioral<br><br></strong><ul><li>Structured, disciplined approach to pipeline progression </li><li>High ownership and accountability in deal execution </li><li>Ability to operate under pressure with multiple concurrent deals </li><li>Collaborative mindset across Sales, Product, and Delivery teams <br><br><br><br></li></ul><strong>Desirable<br><br></strong><ul><li>Experience with PCI DSS compliance frameworks </li><li>Exposure to omnichannel payment solutions (voice, IVR, digital, chat) </li><li>Experience working with channel partners and OEM models<br><br><br><br></li></ul>We may use artificial intelligence (AI) tools to support parts of the hiring process, such as reviewing applications, analyzing resumes, or assessing responses. These tools assist our recruitment team but do not replace human judgment. Final hiring decisions are ultimately made by humans. If you would like more information about how your data is processed, please contact us.
        ","Sycurio is redefining how enterprises handle payments across customer interactions. We replace fragmented, high-risk payment processes with a secure, API-driven platform that spans contact centers, digital channels, and payment systems.Our focus is simple: to protect every transaction, in any channel, without disrupting the customer experience, while enabling scale, automation, and compliance by design.The Pre-Sales Engineer is the technical lead in the sales cycle, responsible for guiding opportunities from discovery through solution validation to close. Acting as a trusted advisor to enterprise customers and partners, this role ensures technical alignment, accelerates deal progression, and protects solution integrity.This role is critical to:Driving high-quality pipeline progression Ensuring accurate, scalable, and standardized solution design Supporting a solution- and value-led sales motionKey Responsibilities:    Sales Execution & Deal ProgressionOwn the technical qualification and solution design for assigned opportunities Lead High-Level Design creation and ensure completion within defined timelines Identify and resolve technical blockers early to maintain deal velocity Customer EngagementAct as the primary technical advisor to enterprise customers and partners Deliver executive-level presentations and product demonstrations Translate complex technical capabilities into business value and outcomes Build credibility across technical, operational, and executive stakeholders Solution Design & DocumentationDesign scalable solutions leveraging template-based architectures Capture and document customer requirements and use cases Support proposal development with clear, commercially viable designs Sales & Partner EnablementSupport AEs in customer meetings, workshops, and deal strategy Respond to RFIs/RFPs with structured, high-quality technical input Train and enable channel partner Sales Engineers  Contribute to continuous improvement of demo environments and assetsKey qualifications, skills, experience:Mandatory Proven experience as a Pre-Sales / Sales Engineer in enterprise SaaS environments Strong expertise in either:Contact Centre (CCaaS, telephony, IVR, CRM integrations) Payments / PCI-compliant systems Executive-level presentations and demos RFx responses and tender processes Experience designing scalable, standardized solutions Excellent communication skills (written and verbal) Technical & Domain StrengthAPI-based architectures Cloud environments (AWS preferred) System integrations across CCaaS, CRM, and payment ecosystems Ability to translate technical requirements into commercially viable solutionsBehavioralStructured, disciplined approach to pipeline progression High ownership and accountability in deal execution Ability to operate under pressure with multiple concurrent deals Collaborative mindset across Sales, Product, and Delivery teams DesirableExperience with PCI DSS compliance frameworks Exposure to omnichannel payment solutions (voice, IVR, digital, chat) Experience working with channel partners and OEM modelsWe may use artificial intelligence (AI) tools to support parts of the hiring process, such as reviewing applications, analyzing resumes, or assessing responses. These tools assist our recruitment team but do not replace human judgment. Final hiring decisions are ultimately made by humans. If you would like more information about how your data is processed, please contact us.",https://www.linkedin.com/jobs-guest/jobs/api/jobPosting/4408240153,"Sycurio is redefining how enterprises handle payments across customer interactions. We replace fragmented, high-risk payment processes with a secure, API-driven platform that spans contact centers, digital channels, and payment systems.Our focus is simple: to protect every transaction, in any channel, without disrupting the customer experience, while enabling scale, automation, and compliance by design.The Pre-Sales Engineer is the technical lead in the sales cycle, responsible for guiding opportunities from discovery through solution validation to close. Acting as a trusted advisor to enterprise customers and partners, this role ensures technical alignment, accelerates deal progression, and protects solution integrity.This role is critical to:Driving high-quality pipeline progression Ensuring accurate, scalable, and standardized solution design Supporting a solution- and value-led sales motionKey Responsibilities:    Sales Execution & Deal ProgressionOwn the technical qualification and solution design for assigned opportunities Lead High-Level Design creation and ensure completion within defined timelines Identify and resolve technical blockers early to maintain deal velocity Customer EngagementAct as the primary technical advisor to enterprise customers and partners Deliver executive-level presentations and product demonstrations Translate complex technical capabilities into business value and outcomes Build credibility across technical, operational, and executive stakeholders Solution Design & DocumentationDesign scalable solutions leveraging template-based architectures Capture and document customer requirements and use cases Support proposal development with clear, commercially viable designs Sales & Partner EnablementSupport AEs in customer meetings, workshops, and deal strategy Respond to RFIs/RFPs with structured, high-quality technical input Train and enable channel partner Sales Engineers  Contribute to continuous improvement of demo environments and assetsKey qualifications, skills, experience:Mandatory Proven experience as a Pre-Sales / Sales Engineer in enterprise SaaS environments Strong expertise in either:Contact Centre (CCaaS, telephony, IVR, CRM integrations) Payments / PCI-compliant systems Executive-level presentations and demos RFx responses and tender processes Experience designing scalable, standardized solutions Excellent communication skills (written and verbal) Technical & Domain StrengthAPI-based architectures Cloud environments (AWS preferred) System integrations across CCaaS, CRM, and payment ecosystems Ability to translate technical requirements into commercially viable solutionsBehavioralStructured, disciplined approach to pipeline progression High ownership and accountability in deal execution Ability to operate under pressure with multiple concurrent deals Collaborative mindset across Sales, Product, and Delivery teams DesirableExperience with PCI DSS compliance frameworks Exposure to omnichannel payment solutions (voice, IVR, digital, chat) Experience working with channel partners and OEM modelsWe may use artificial intelligence (AI) tools to support parts of the hiring process, such as reviewing applications, analyzing resumes, or assessing responses. These tools assist our recruitment team but do not replace human judgment. Final hiring decisions are ultimately made by humans. If you would like more information about how your data is processed, please contact us.","Sycurio is redefining how enterprises handle payments across customer interactions. We replace fragmented, high-risk payment processes with a secure, API-driven platform that spans contact centers, digital channels, and payment systems.Our focus is simple: to protect every transaction, in any channel, without disrupting the customer experience, while enabling scale, automation, and compliance by design.The Pre-Sales Engineer is the technical lead in the sales cycle, responsible for guiding opportunities from discovery through solution validation to close. Acting as a trusted advisor to enterprise customers and partners, this role ensures technical alignment, accelerates deal progression, and protects solution integrity.This role is critical to:Driving high-quality pipeline progression Ensuring accurate, scalable, and standardized solution design Supporting a solution- and value-led sales motionKey Responsibilities:    Sales Execution & Deal ProgressionOwn the technical qualification and solution design for assigned opportunities Lead High-Level Design creation and ensure completion within defined timelines Identify and resolve technical blockers early to maintain deal velocity Customer EngagementAct as the primary technical advisor to enterprise customers and partners Deliver executive-level presentations and product demonstrations Translate complex technical capabilities into business value and outcomes Build credibility across technical, operational, and executive stakeholders Solution Design & DocumentationDesign scalable solutions leveraging template-based architectures Capture and document customer requirements and use cases Support proposal development with clear, commercially viable designs Sales & Partner EnablementSupport AEs in customer meetings, workshops, and deal strategy Respond to RFIs/RFPs with structured, high-quality technical input Train and enable channel partner Sales Engineers  Contribute to continuous improvement of demo environments and assetsKey qualifications, skills, experience:Mandatory Proven experience as a Pre-Sales / Sales Engineer in enterprise SaaS environments Strong expertise in either:Contact Centre (CCaaS, telephony, IVR, CRM integrations) Payments / PCI-compliant systems Executive-level presentations and demos RFx responses and tender processes Experience designing scalable, standardized solutions Excellent communication skills (written and verbal) Technical & Domain StrengthAPI-based architectures Cloud environments (AWS preferred) System integrations across CCaaS, CRM, and payment ecosystems Ability to translate technical requirements into commercially viable solutionsBehavioralStructured, disciplined approach to pipeline progression High ownership and accountability in deal execution Ability to operate under pressure with multiple concurrent deals Collaborative mindset across Sales, Product, and Delivery teams DesirableExperience with PCI DSS compliance frameworks Exposure to omnichannel payment solutions (voice, IVR, digital, chat) Experience working with channel partners and OEM modelsWe may use artificial intelligence (AI) tools to support parts of the hiring process, such as reviewing applications, analyzing resumes, or assessing responses. These tools assist our recruitment team but do not replace human judgment. Final hiring decisions are ultimately made by humans. If you would like more information about how your data is processed, please contact us.","
          Sycurio is redefining how enterprises handle payments across customer interactions. We replace fragmented, high-risk payment processes with a secure, API-driven platform that spans contact centers, digital channels, and payment systems.<br><br>Our focus is simple: to protect every transaction, in any channel, without disrupting the customer experience, while enabling scale, automation, and compliance by design.<br><br>The Pre-Sales Engineer is the technical lead in the sales cycle, responsible for guiding opportunities from discovery through solution validation to close. Acting as a trusted advisor to enterprise customers and partners, this role ensures technical alignment, accelerates deal progression, and protects solution integrity.<br><br>This role is critical to:<br><br><br><ul><li>Driving high-quality pipeline progression </li><li>Ensuring accurate, scalable, and standardized solution design </li><li>Supporting a solution- and value-led sales motion<br><br><br><br></li></ul><strong>Key Responsibilities:</strong>    <br><br><br><ul><li>Sales Execution &amp; Deal Progression</li><ul><li>Own the technical qualification and solution design for assigned opportunities </li><li>Lead High-Level Design creation and ensure completion within defined timelines </li><li>Identify and resolve technical blockers early to maintain deal velocity <br><br></li></ul><li>Customer Engagement</li><ul><li>Act as the primary technical advisor to enterprise customers and partners </li><li>Deliver executive-level presentations and product demonstrations </li><li>Translate complex technical capabilities into business value and outcomes </li><li>Build credibility across technical, operational, and executive stakeholders <br><br></li></ul><li>Solution Design &amp; Documentation</li><ul><li>Design scalable solutions leveraging template-based architectures </li><li>Capture and document customer requirements and use cases </li><li>Support proposal development with clear, commercially viable designs <br><br></li></ul><li>Sales &amp; Partner Enablement</li><ul><li>Support AEs in customer meetings, workshops, and deal strategy </li><li>Respond to RFIs/RFPs with structured, high-quality technical input </li><li>Train and enable channel partner Sales Engineers <br><br><br></li></ul></ul> Contribute to continuous improvement of demo environments and assets<br><br><strong>Key qualifications, skills, experience:<br><br></strong><strong>Mandatory</strong> <br><br><br><ul><li>Proven experience as a Pre-Sales / Sales Engineer in enterprise SaaS environments </li><li>Strong expertise in either:</li><ul><li>Contact Centre (CCaaS, telephony, IVR, CRM integrations) </li><li>Payments / PCI-compliant systems <br><br></li></ul><li>Executive-level presentations and demos </li><li>RFx responses and tender processes </li><li>Experience designing scalable, standardized solutions </li><li>Excellent communication skills (written and verbal) <br><br><br></li></ul><strong>Technical &amp; Domain Strength<br><br></strong><ul><li>API-based architectures </li><li>Cloud environments (AWS preferred) </li><li>System integrations across CCaaS, CRM, and payment ecosystems </li><li>Ability to translate technical requirements into commercially viable solutions<br><br><br><br></li></ul><strong>Behavioral<br><br></strong><ul><li>Structured, disciplined approach to pipeline progression </li><li>High ownership and accountability in deal execution </li><li>Ability to operate under pressure with multiple concurrent deals </li><li>Collaborative mindset across Sales, Product, and Delivery teams <br><br><br><br></li></ul><strong>Desirable<br><br></strong><ul><li>Experience with PCI DSS compliance frameworks </li><li>Exposure to omnichannel payment solutions (voice, IVR, digital, chat) </li><li>Experience working with channel partners and OEM models<br><br><br><br></li></ul>We may use artificial intelligence (AI) tools to support parts of the hiring process, such as reviewing applications, analyzing resumes, or assessing responses. These tools assist our recruitment team but do not replace human judgment. Final hiring decisions are ultimately made by humans. If you would like more information about how your data is processed, please contact us.
        ",Full-time,6 days ago,Full-time,linkedin,6,True,"[""API-based architectures"", ""Cloud environments""]",3,,,"The role is a Pre-Sales Engineer in an enterprise SaaS context, relevant to B2B sales.",,,,,,,,,0.5605634651443185
https://www.linkedin.com/jobs-guest/jobs/api/jobPosting/4408427727,4408427727.0,Solutions Engineer,Altech Group Ltd,https://uk.linkedin.com/company/altech-group-ltd?trk=public_jobs_topcard-org-name,https://media.licdn.com/dms/image/v2/D4E0BAQHV0RyvJpFBeg/company-logo_100_100/company-logo_100_100/0/1725779525611/altech_group_ltd_logo?e=2147483647&v=beta&t=puQy9GydM-ngwK9eZlUlCKH8kFcn-iloIXSQDdmilHA,"Manchester Area, United Kingdom","£35,000.00/yr - £45,000.00/yr",,2 days ago,Full-time,Mid,Information Technology,"Technology, Information and Media and Software Development",2026-05-08T07:44:00.087Z,solutions engineer,Europe,30d,"
          <p>Software Engineer (Integrations) | &#xa3;35,000 &#x2013; &#xa3;50,000 + Equity | Manchester | Office-based</p><p><br></p><p>So what&#x2019;s in it for you with this job?</p><p>You&#x2019;ll be joining one of Manchester&#x2019;s most exciting tech scaleups - backed by top investors and currently in the middle of a major funding round.</p><p><br></p><p>They are aiming to be a billion-pound company. And are one of the few companies willing to give you equity from the start, which means you&apos;re helping them build something incredible, ends with you having a massive payout.</p><p><br></p><p>They&#x2019;re building a next-generation AI-driven platform that connects and automates systems - something that could completely change how companies make their tech work together.</p><p><br></p><p>You&#x2019;ll be working directly with cutting-edge AI tools (LLMs, ChatGPT, Claude etc) while learning how to design and build smart automation flows.</p><p><br></p><p>It&#x2019;s the kind of role where your work will have a real impact, and where you can grow fast as the company scales.</p><p><br></p><p>You&#x2019;ll also receive equity, so as the business grows, you&#x2019;ll grow with it.</p><p><br></p><p>It&#x2019;s fast-paced, intense, and perfect for someone who&#x2019;s hungry, adaptable, and loves being part of an early-stage success story. A real San Francisco Tech startup vibe, which is terrifying to some but exciting to others.</p><p><br></p><p>What you&#x2019;ll be working on:</p><p><br></p><ul><li>Building and testing integrations across modern cloud systems and APIs</li><li>Writing clean, reliable code in JavaScript/TypeScript.</li><li>Troubleshooting live customer integrations and delivering quick, smart fixes</li><li>Working closely with architects and product teams to shape new features</li><li>Experimenting with AI and automation to simplify and improve workflows</li><li>Prompt Engineering</li></ul><p><br></p><p>The tech you&#x2019;ll be around:</p><p>JavaScript / TypeScript | APIs (REST, SOAP, GraphQL) | HTTP | Flat files / FTP | Go (nice to have) | Kubernetes (nice to have) | Cloud (AWS, Azure, GCP) | AI tools like ChatGPT, Claude, LLMs | Git</p><p><br></p><p>What they&#x2019;re looking for:</p><p>They&#x2019;re not after someone with decades of experience &#x2014; they want someone who&#x2019;s:</p><ul><li>Smart, curious, and keen to learn fast</li><li>2&#x2013;5 years into your dev career</li><li>Excited by AI, automation, and integration tech</li><li>Able to explain technical things clearly and enjoy working with customers</li></ul><p></p>
        ","Software Engineer (Integrations) | £35,000 – £50,000 + Equity | Manchester | Office-basedSo what’s in it for you with this job?You’ll be joining one of Manchester’s most exciting tech scaleups - backed by top investors and currently in the middle of a major funding round.They are aiming to be a billion-pound company. And are one of the few companies willing to give you equity from the start, which means you're helping them build something incredible, ends with you having a massive payout.They’re building a next-generation AI-driven platform that connects and automates systems - something that could completely change how companies make their tech work together.You’ll be working directly with cutting-edge AI tools (LLMs, ChatGPT, Claude etc) while learning how to design and build smart automation flows.It’s the kind of role where your work will have a real impact, and where you can grow fast as the company scales.You’ll also receive equity, so as the business grows, you’ll grow with it.It’s fast-paced, intense, and perfect for someone who’s hungry, adaptable, and loves being part of an early-stage success story. A real San Francisco Tech startup vibe, which is terrifying to some but exciting to others.What you’ll be working on:Building and testing integrations across modern cloud systems and APIsWriting clean, reliable code in JavaScript/TypeScript.Troubleshooting live customer integrations and delivering quick, smart fixesWorking closely with architects and product teams to shape new featuresExperimenting with AI and automation to simplify and improve workflowsPrompt EngineeringThe tech you’ll be around:JavaScript / TypeScript | APIs (REST, SOAP, GraphQL) | HTTP | Flat files / FTP | Go (nice to have) | Kubernetes (nice to have) | Cloud (AWS, Azure, GCP) | AI tools like ChatGPT, Claude, LLMs | GitWhat they’re looking for:They’re not after someone with decades of experience — they want someone who’s:Smart, curious, and keen to learn fast2–5 years into your dev careerExcited by AI, automation, and integration techAble to explain technical things clearly and enjoy working with customers",https://www.linkedin.com/jobs-guest/jobs/api/jobPosting/4408427727,"Software Engineer (Integrations) | £35,000 – £50,000 + Equity | Manchester | Office-basedSo what’s in it for you with this job?You’ll be joining one of Manchester’s most exciting tech scaleups - backed by top investors and currently in the middle of a major funding round.They are aiming to be a billion-pound company. And are one of the few companies willing to give you equity from the start, which means you're helping them build something incredible, ends with you having a massive payout.They’re building a next-generation AI-driven platform that connects and automates systems - something that could completely change how companies make their tech work together.You’ll be working directly with cutting-edge AI tools (LLMs, ChatGPT, Claude etc) while learning how to design and build smart automation flows.It’s the kind of role where your work will have a real impact, and where you can grow fast as the company scales.You’ll also receive equity, so as the business grows, you’ll grow with it.It’s fast-paced, intense, and perfect for someone who’s hungry, adaptable, and loves being part of an early-stage success story. A real San Francisco Tech startup vibe, which is terrifying to some but exciting to others.What you’ll be working on:Building and testing integrations across modern cloud systems and APIsWriting clean, reliable code in JavaScript/TypeScript.Troubleshooting live customer integrations and delivering quick, smart fixesWorking closely with architects and product teams to shape new featuresExperimenting with AI and automation to simplify and improve workflowsPrompt EngineeringThe tech you’ll be around:JavaScript / TypeScript | APIs (REST, SOAP, GraphQL) | HTTP | Flat files / FTP | Go (nice to have) | Kubernetes (nice to have) | Cloud (AWS, Azure, GCP) | AI tools like ChatGPT, Claude, LLMs | GitWhat they’re looking for:They’re not after someone with decades of experience — they want someone who’s:Smart, curious, and keen to learn fast2–5 years into your dev careerExcited by AI, automation, and integration techAble to explain technical things clearly and enjoy working with customers","Software Engineer (Integrations) | £35,000 – £50,000 + Equity | Manchester | Office-basedSo what’s in it for you with this job?You’ll be joining one of Manchester’s most exciting tech scaleups - backed by top investors and currently in the middle of a major funding round.They are aiming to be a billion-pound company. And are one of the few companies willing to give you equity from the start, which means you're helping them build something incredible, ends with you having a massive payout.They’re building a next-generation AI-driven platform that connects and automates systems - something that could completely change how companies make their tech work together.You’ll be working directly with cutting-edge AI tools (LLMs, ChatGPT, Claude etc) while learning how to design and build smart automation flows.It’s the kind of role where your work will have a real impact, and where you can grow fast as the company scales.You’ll also receive equity, so as the business grows, you’ll grow with it.It’s fast-paced, intense, and perfect for someone who’s hungry, adaptable, and loves being part of an early-stage success story. A real San Francisco Tech startup vibe, which is terrifying to some but exciting to others.What you’ll be working on:Building and testing integrations across modern cloud systems and APIsWriting clean, reliable code in JavaScript/TypeScript.Troubleshooting live customer integrations and delivering quick, smart fixesWorking closely with architects and product teams to shape new featuresExperimenting with AI and automation to simplify and improve workflowsPrompt EngineeringThe tech you’ll be around:JavaScript / TypeScript | APIs (REST, SOAP, GraphQL) | HTTP | Flat files / FTP | Go (nice to have) | Kubernetes (nice to have) | Cloud (AWS, Azure, GCP) | AI tools like ChatGPT, Claude, LLMs | GitWhat they’re looking for:They’re not after someone with decades of experience — they want someone who’s:Smart, curious, and keen to learn fast2–5 years into your dev careerExcited by AI, automation, and integration techAble to explain technical things clearly and enjoy working with customers","
          <p>Software Engineer (Integrations) | &#xa3;35,000 &#x2013; &#xa3;50,000 + Equity | Manchester | Office-based</p><p><br></p><p>So what&#x2019;s in it for you with this job?</p><p>You&#x2019;ll be joining one of Manchester&#x2019;s most exciting tech scaleups - backed by top investors and currently in the middle of a major funding round.</p><p><br></p><p>They are aiming to be a billion-pound company. And are one of the few companies willing to give you equity from the start, which means you&apos;re helping them build something incredible, ends with you having a massive payout.</p><p><br></p><p>They&#x2019;re building a next-generation AI-driven platform that connects and automates systems - something that could completely change how companies make their tech work together.</p><p><br></p><p>You&#x2019;ll be working directly with cutting-edge AI tools (LLMs, ChatGPT, Claude etc) while learning how to design and build smart automation flows.</p><p><br></p><p>It&#x2019;s the kind of role where your work will have a real impact, and where you can grow fast as the company scales.</p><p><br></p><p>You&#x2019;ll also receive equity, so as the business grows, you&#x2019;ll grow with it.</p><p><br></p><p>It&#x2019;s fast-paced, intense, and perfect for someone who&#x2019;s hungry, adaptable, and loves being part of an early-stage success story. A real San Francisco Tech startup vibe, which is terrifying to some but exciting to others.</p><p><br></p><p>What you&#x2019;ll be working on:</p><p><br></p><ul><li>Building and testing integrations across modern cloud systems and APIs</li><li>Writing clean, reliable code in JavaScript/TypeScript.</li><li>Troubleshooting live customer integrations and delivering quick, smart fixes</li><li>Working closely with architects and product teams to shape new features</li><li>Experimenting with AI and automation to simplify and improve workflows</li><li>Prompt Engineering</li></ul><p><br></p><p>The tech you&#x2019;ll be around:</p><p>JavaScript / TypeScript | APIs (REST, SOAP, GraphQL) | HTTP | Flat files / FTP | Go (nice to have) | Kubernetes (nice to have) | Cloud (AWS, Azure, GCP) | AI tools like ChatGPT, Claude, LLMs | Git</p><p><br></p><p>What they&#x2019;re looking for:</p><p>They&#x2019;re not after someone with decades of experience &#x2014; they want someone who&#x2019;s:</p><ul><li>Smart, curious, and keen to learn fast</li><li>2&#x2013;5 years into your dev career</li><li>Excited by AI, automation, and integration tech</li><li>Able to explain technical things clearly and enjoy working with customers</li></ul><p></p>
        ",Full-time,2 days ago,Full-time,linkedin,11,True,"[""JavaScript"", ""APIs""]",2,35000.0,50000.0,This role involves solutions architecture and engineering for enterprise applications.,,,,,,,,,0.5391307991120624
,,Pre-Sales Engineer - Objective Corporation - Lever,,,,,,,,,Mid,,,,,,,,,https://jobs.lever.co/objective/8f918bba-7d59-4221-b5eb-958df37c7fdd,"Objective Corporation - Pre-Sales Engineer Pre-Sales Engineer Reading Sales – Objective / Full time / Hybrid apply for this job At Objective , we create software that makes a difference. With over 400 people and five development labs spread across Australia, New Zealand, the United States of America, and the United Kingdom, Objective is a leading developer of SaaS solutions for the government. Our Business Solutions Consultants (SE’s) are responsible for designing solutions to cultivate relationships with potential and existing customers which drive customer value.  You will be the technical enabler of our sales process, working hand in hand with our sales team to scope business requirements, design architectures, deliver proposals and present solutions. Our culture is reflected through our talented and committed team of professionals. It is our people who are paramount to driving our ongoing success. This role report to the EMEA & UK Regional Sales Director and does not have any people management responsibilities. What Your Day Will Look Like: Lead customer engagements by understanding business drivers and aligning solutions to their required outcomes Provide pre-sales support including discovery workshops, input into tenders, demos, proof of concepts and pilots Partner with Account Managers/Directors to build and maintain strong customer technical relationships Develop tailored product demonstrations aligned to customer use cases Act as a technical subject matter expert across our product suite and the information management market Support partner capability development and ensure smooth handover from pre-sales to implementation Provide customer advocacy feeding product enhancements into Product development teams. Your Skills And Beyond: Experience in business process consulting, analysis, and workshop facilitation Strong pre-sales experience within a Software/SaaS vendor or consulting environment Knowledge of Enterprise Content Management (ECM), eDiscovery and information solutions Technical capability across XML, JavaScript, HTML5, and virtual environments (e.g. ESX) Strong Industry experience in Government and Regulated Industries ( Defence, CNI, FSI) Excellent communication, presentation, and stakeholder engagement skills Strong problem-solving ability, commercial acumen, and structured sales experience Ability to work autonomously and collaboratively, with a strong customer focus and drive to achieve results Why Join Us? Hybrid working to help you balance work and life. Extensive learning resources to build your technical skills and career. A fun, open plan office environment where collaboration and ideas are encouraged. Employee Assistance Programme (EAP) for confidential support. Regular social events to connect with your team. If you do not tick every box, do not let that stop you. We value potential, learning agility, coachability and diverse perspectives just as much as experience, and we encourage you to apply. At Objective, we recognise and celebrate our diverse team as pivotal to our strong employee engagement and our high-performing culture, underpinned by Our Values . We are an equal opportunity employer. We do not discriminate based on any protected characteristics or on any other basis prohibited by applicable laws in the regions where we operate. To ensure a positive experience, please inform our Talent Team of any adjustments or accommodations you may require during the recruitment process, so we can support you effectively. We may use artificial intelligence (AI) tools to support parts of the hiring process, such as reviewing applications, analysing resumes, or assessing responses. These tools assist our recruitment team but do not replace human judgment. Final hiring decisions are ultimately made by humans. If you would like more information about how your data is processed, please contact us. apply for this job Objective Corporation Home Page Jobs powered by","Objective Corporation - Pre-Sales Engineer Pre-Sales Engineer Reading Sales – Objective / Full time / Hybrid apply for this job At Objective , we create software that makes a difference. With over 400 people and five development labs spread across Australia, New Zealand, the United States of America, and the United Kingdom, Objective is a leading developer of SaaS solutions for the government. Our Business Solutions Consultants (SE’s) are responsible for designing solutions to cultivate relationships with potential and existing customers which drive customer value.  You will be the technical enabler of our sales process, working hand in hand with our sales team to scope business requirements, design architectures, deliver proposals and present solutions. Our culture is reflected through our talented and committed team of professionals. It is our people who are paramount to driving our ongoing success. This role report to the EMEA & UK Regional Sales Director and does not have any people management responsibilities. What Your Day Will Look Like: Lead customer engagements by understanding business drivers and aligning solutions to their required outcomes Provide pre-sales support including discovery workshops, input into tenders, demos, proof of concepts and pilots Partner with Account Managers/Directors to build and maintain strong customer technical relationships Develop tailored product demonstrations aligned to customer use cases Act as a technical subject matter expert across our product suite and the information management market Support partner capability development and ensure smooth handover from pre-sales to implementation Provide customer advocacy feeding product enhancements into Product development teams. Your Skills And Beyond: Experience in business process consulting, analysis, and workshop facilitation Strong pre-sales experience within a Software/SaaS vendor or consulting environment Knowledge of Enterprise Content Management (ECM), eDiscovery and information solutions Technical capability across XML, JavaScript, HTML5, and virtual environments (e.g. ESX) Strong Industry experience in Government and Regulated Industries ( Defence, CNI, FSI) Excellent communication, presentation, and stakeholder engagement skills Strong problem-solving ability, commercial acumen, and structured sales experience Ability to work autonomously and collaboratively, with a strong customer focus and drive to achieve results Why Join Us? Hybrid working to help you balance work and life. Extensive learning resources to build your technical skills and career. A fun, open plan office environment where collaboration and ideas are encouraged. Employee Assistance Programme (EAP) for confidential support. Regular social events to connect with your team. If you do not tick every box, do not let that stop you. We value potential, learning agility, coachability and diverse perspectives just as much as experience, and we encourage you to apply. At Objective, we recognise and celebrate our diverse team as pivotal to our strong employee engagement and our high-performing culture, underpinned by Our Values . We are an equal opportunity employer. We do not discriminate based on any protected characteristics or on any other basis prohibited by applicable laws in the regions where we operate. To ensure a positive experience, please inform our Talent Team of any adjustments or accommodations you may require during the recruitment process, so we can support you effectively. We may use artificial intelligence (AI) tools to support parts of the hiring process, such as reviewing applications, analysing resumes, or assessing responses. These tools assist our recruitment team but do not replace human judgment. Final hiring decisions are ultimately made by humans. If you would like more information about how your data is processed, please contact us. apply for this job Objective Corporation Home Page Jobs powered by",,Full-time,,,serper,2,True,"[""SaaS"", ""Enterprise Content Management"", ""eDiscovery""]",0,,,"The role supports enterprise sales, working closely with account managers.",,,,,,,,Pre-Sales Engineer. Reading. Sales ... This role report to the EMEA & UK Regional Sales Director and does not have any people management responsibilities.,0.5376230370427673
https://www.linkedin.com/jobs-guest/jobs/api/jobPosting/4408189567,4408189567.0,Solutions Architect,Data Idols,https://uk.linkedin.com/company/data-idols?trk=public_jobs_topcard-org-name,https://media.licdn.com/dms/image/v2/C4E0BAQE0Rx8tLcL-HA/company-logo_100_100/company-logo_100_100/0/1663667568848/data_idols_logo?e=2147483647&v=beta&t=RnMYseJ-CJfy0cBBQavlrw_zYSxBk0XZ2nQ0mPdT9Ow,"London, England, United Kingdom","£100,000.00/yr - £115,000.00/yr",,2 days ago,Full-time,Senior,Information Technology,Data Infrastructure and Analytics,2026-05-08T07:44:00.235Z,solutions engineer,Europe,30d,"
          Solutions Architect<br><br><br><br>Salary: &#xa3;100K - &#xa3;115K<br><br><br><br>London (Hybrid)<br><br><p>At Data Idols, we are working with a large-scale, data-driven organisation investing heavily in its data platform, analytics and AI capabilities. They are now looking for a Solutions Architect to provide design and architecture guidance across a broad portfolio of data initiatives.<br><br></p>The Opportunity<br><br><p>This is a senior architecture role focused on shaping how solutions are designed and delivered across a complex enterprise data estate. You will work closely with product owners, engineering leads, data teams and senior stakeholders to understand business requirements and translate them into clear, robust high-level designs for engineering teams to build.</p><p>The role is not focused on hands-on delivery. Instead, you will be responsible for articulating solution designs, documenting key decisions, defining reusable patterns and ensuring consistency across a shared data platform. You will support a modern cloud data platform, with exposure to areas such as analytics, reporting, data science, AI use cases and increasingly real-time data capabilities.<br><br></p>Skills and experience<br><br><ul><li>Strong experience designing secure, scalable data solutions in complex environments</li><li>Experience working with Azure-based data platforms</li><li>Experience with Databricks or similar modern data platforms</li><li>Good understanding of data warehouse, data lake or lakehouse architectures</li></ul><p>If you are looking for a new challenge and want to help shape data solutions across a large-scale cloud data platform, please submit your CV for initial screening and further details.<br><br></p>Solutions Architect<br><br>
        ","Solutions ArchitectSalary: £100K - £115KLondon (Hybrid)At Data Idols, we are working with a large-scale, data-driven organisation investing heavily in its data platform, analytics and AI capabilities. They are now looking for a Solutions Architect to provide design and architecture guidance across a broad portfolio of data initiatives.The OpportunityThis is a senior architecture role focused on shaping how solutions are designed and delivered across a complex enterprise data estate. You will work closely with product owners, engineering leads, data teams and senior stakeholders to understand business requirements and translate them into clear, robust high-level designs for engineering teams to build.The role is not focused on hands-on delivery. Instead, you will be responsible for articulating solution designs, documenting key decisions, defining reusable patterns and ensuring consistency across a shared data platform. You will support a modern cloud data platform, with exposure to areas such as analytics, reporting, data science, AI use cases and increasingly real-time data capabilities.Skills and experienceStrong experience designing secure, scalable data solutions in complex environmentsExperience working with Azure-based data platformsExperience with Databricks or similar modern data platformsGood understanding of data warehouse, data lake or lakehouse architecturesIf you are looking for a new challenge and want to help shape data solutions across a large-scale cloud data platform, please submit your CV for initial screening and further details.Solutions Architect",https://www.linkedin.com/jobs-guest/jobs/api/jobPosting/4408189567,"Solutions ArchitectSalary: £100K - £115KLondon (Hybrid)At Data Idols, we are working with a large-scale, data-driven organisation investing heavily in its data platform, analytics and AI capabilities. They are now looking for a Solutions Architect to provide design and architecture guidance across a broad portfolio of data initiatives.The OpportunityThis is a senior architecture role focused on shaping how solutions are designed and delivered across a complex enterprise data estate. You will work closely with product owners, engineering leads, data teams and senior stakeholders to understand business requirements and translate them into clear, robust high-level designs for engineering teams to build.The role is not focused on hands-on delivery. Instead, you will be responsible for articulating solution designs, documenting key decisions, defining reusable patterns and ensuring consistency across a shared data platform. You will support a modern cloud data platform, with exposure to areas such as analytics, reporting, data science, AI use cases and increasingly real-time data capabilities.Skills and experienceStrong experience designing secure, scalable data solutions in complex environmentsExperience working with Azure-based data platformsExperience with Databricks or similar modern data platformsGood understanding of data warehouse, data lake or lakehouse architecturesIf you are looking for a new challenge and want to help shape data solutions across a large-scale cloud data platform, please submit your CV for initial screening and further details.Solutions Architect","Solutions ArchitectSalary: £100K - £115KLondon (Hybrid)At Data Idols, we are working with a large-scale, data-driven organisation investing heavily in its data platform, analytics and AI capabilities. They are now looking for a Solutions Architect to provide design and architecture guidance across a broad portfolio of data initiatives.The OpportunityThis is a senior architecture role focused on shaping how solutions are designed and delivered across a complex enterprise data estate. You will work closely with product owners, engineering leads, data teams and senior stakeholders to understand business requirements and translate them into clear, robust high-level designs for engineering teams to build.The role is not focused on hands-on delivery. Instead, you will be responsible for articulating solution designs, documenting key decisions, defining reusable patterns and ensuring consistency across a shared data platform. You will support a modern cloud data platform, with exposure to areas such as analytics, reporting, data science, AI use cases and increasingly real-time data capabilities.Skills and experienceStrong experience designing secure, scalable data solutions in complex environmentsExperience working with Azure-based data platformsExperience with Databricks or similar modern data platformsGood understanding of data warehouse, data lake or lakehouse architecturesIf you are looking for a new challenge and want to help shape data solutions across a large-scale cloud data platform, please submit your CV for initial screening and further details.Solutions Architect","
          Solutions Architect<br><br><br><br>Salary: &#xa3;100K - &#xa3;115K<br><br><br><br>London (Hybrid)<br><br><p>At Data Idols, we are working with a large-scale, data-driven organisation investing heavily in its data platform, analytics and AI capabilities. They are now looking for a Solutions Architect to provide design and architecture guidance across a broad portfolio of data initiatives.<br><br></p>The Opportunity<br><br><p>This is a senior architecture role focused on shaping how solutions are designed and delivered across a complex enterprise data estate. You will work closely with product owners, engineering leads, data teams and senior stakeholders to understand business requirements and translate them into clear, robust high-level designs for engineering teams to build.</p><p>The role is not focused on hands-on delivery. Instead, you will be responsible for articulating solution designs, documenting key decisions, defining reusable patterns and ensuring consistency across a shared data platform. You will support a modern cloud data platform, with exposure to areas such as analytics, reporting, data science, AI use cases and increasingly real-time data capabilities.<br><br></p>Skills and experience<br><br><ul><li>Strong experience designing secure, scalable data solutions in complex environments</li><li>Experience working with Azure-based data platforms</li><li>Experience with Databricks or similar modern data platforms</li><li>Good understanding of data warehouse, data lake or lakehouse architectures</li></ul><p>If you are looking for a new challenge and want to help shape data solutions across a large-scale cloud data platform, please submit your CV for initial screening and further details.<br><br></p>Solutions Architect<br><br>
        ",Full-time,2 days ago,Full-time,linkedin,12,True,[],5,100000.0,115000.0,This is a senior architectural role relevant to enterprise solutions.,,,,,,,,,0.5152269479020567
https://www.linkedin.com/jobs-guest/jobs/api/jobPosting/4352055620,4352055620.0,Sales Engineer - IREF - London,Johnson Controls,https://ie.linkedin.com/company/johnson-controls?trk=public_jobs_topcard-org-name,https://media.licdn.com/dms/image/v2/D560BAQFLnizgdgpDFA/company-logo_100_100/company-logo_100_100/0/1728672007366/johnson_controls_logo?e=2147483647&v=beta&t=2M4dlywu0qlZ8x6OXlndDbP0lKGE0lrUOcbNVuWvcMs,"London, England, United Kingdom",,Over 200 applicants,1 week ago,Full-time,Mid,Sales and Business Development,Industrial Machinery Manufacturing,2026-05-08T07:44:02.053Z,pre-sales engineer,Europe,30d,"
          <strong>Looking for Your Next Sales Adventure?<br><br></strong>Are you a driven sales professional who thrives on building relationships and delivering results? At Johnson Controls, we bring innovative solutions to life. As a global leader in creating intelligent buildings, efficient energy solutions, and integrated infrastructure<br><br>We&#x2019;re always on the lookout for talented individuals who want to take their career to the next level&#x2014;whether that&#x2019;s in account management, business development, or strategic sales.<br><br>If you&#x2019;re curious about what&#x2019;s next, let&#x2019;s start the conversation by applying for a confidential conversation with our team.<br><br><strong>Why Join Us?<br><br></strong>At Johnson Controls, we&#x2019;re transforming the world with intelligent buildings and sustainable solutions. For over 140 years, we&#x2019;ve led the way in innovation&#x2014;creating smart building automation, energy efficiency, and advanced fire and security systems. Join a global team where your work drives real impact, improves lives, and protects our planet. We offer world-class training, career growth, and a collaborative culture that values your ideas. Ready to shape the future of intelligent cities? Let&#x2019;s connect today.<br><br><strong>What We Offer<br><br></strong><ul><li>Competitive salary, company car, and commission structure</li><li>Paid holidays</li><li>Comprehensive benefits package including:</li><ul><li>Pension &amp; life assurance</li><li>Employee assistance program</li><li>Employee referral scheme</li><li>Discounts on high street brands</li><li>Cycle-to-work scheme</li><li>Discounts on Johnson Controls security products</li></ul><li>Extensive training opportunities&#x2014;product knowledge, cross-training, and access to outstanding resources</li><li>Encouraging and collaborative team environment</li><li>Clear career development paths through multiple career ladders</li><li>Commitment to safety through our Zero Harm policy</li><li>Access to business resource groups and training on our company values</li><li> Hybrid:<br></li></ul>
        ","Looking for Your Next Sales Adventure?Are you a driven sales professional who thrives on building relationships and delivering results? At Johnson Controls, we bring innovative solutions to life. As a global leader in creating intelligent buildings, efficient energy solutions, and integrated infrastructureWe’re always on the lookout for talented individuals who want to take their career to the next level—whether that’s in account management, business development, or strategic sales.If you’re curious about what’s next, let’s start the conversation by applying for a confidential conversation with our team.Why Join Us?At Johnson Controls, we’re transforming the world with intelligent buildings and sustainable solutions. For over 140 years, we’ve led the way in innovation—creating smart building automation, energy efficiency, and advanced fire and security systems. Join a global team where your work drives real impact, improves lives, and protects our planet. We offer world-class training, career growth, and a collaborative culture that values your ideas. Ready to shape the future of intelligent cities? Let’s connect today.What We OfferCompetitive salary, company car, and commission structurePaid holidaysComprehensive benefits package including:Pension & life assuranceEmployee assistance programEmployee referral schemeDiscounts on high street brandsCycle-to-work schemeDiscounts on Johnson Controls security productsExtensive training opportunities—product knowledge, cross-training, and access to outstanding resourcesEncouraging and collaborative team environmentClear career development paths through multiple career laddersCommitment to safety through our Zero Harm policyAccess to business resource groups and training on our company values Hybrid:",https://www.linkedin.com/jobs-guest/jobs/api/jobPosting/4352055620,"Looking for Your Next Sales Adventure?Are you a driven sales professional who thrives on building relationships and delivering results? At Johnson Controls, we bring innovative solutions to life. As a global leader in creating intelligent buildings, efficient energy solutions, and integrated infrastructureWe’re always on the lookout for talented individuals who want to take their career to the next level—whether that’s in account management, business development, or strategic sales.If you’re curious about what’s next, let’s start the conversation by applying for a confidential conversation with our team.Why Join Us?At Johnson Controls, we’re transforming the world with intelligent buildings and sustainable solutions. For over 140 years, we’ve led the way in innovation—creating smart building automation, energy efficiency, and advanced fire and security systems. Join a global team where your work drives real impact, improves lives, and protects our planet. We offer world-class training, career growth, and a collaborative culture that values your ideas. Ready to shape the future of intelligent cities? Let’s connect today.What We OfferCompetitive salary, company car, and commission structurePaid holidaysComprehensive benefits package including:Pension & life assuranceEmployee assistance programEmployee referral schemeDiscounts on high street brandsCycle-to-work schemeDiscounts on Johnson Controls security productsExtensive training opportunities—product knowledge, cross-training, and access to outstanding resourcesEncouraging and collaborative team environmentClear career development paths through multiple career laddersCommitment to safety through our Zero Harm policyAccess to business resource groups and training on our company values Hybrid:","Looking for Your Next Sales Adventure?Are you a driven sales professional who thrives on building relationships and delivering results? At Johnson Controls, we bring innovative solutions to life. As a global leader in creating intelligent buildings, efficient energy solutions, and integrated infrastructureWe’re always on the lookout for talented individuals who want to take their career to the next level—whether that’s in account management, business development, or strategic sales.If you’re curious about what’s next, let’s start the conversation by applying for a confidential conversation with our team.Why Join Us?At Johnson Controls, we’re transforming the world with intelligent buildings and sustainable solutions. For over 140 years, we’ve led the way in innovation—creating smart building automation, energy efficiency, and advanced fire and security systems. Join a global team where your work drives real impact, improves lives, and protects our planet. We offer world-class training, career growth, and a collaborative culture that values your ideas. Ready to shape the future of intelligent cities? Let’s connect today.What We OfferCompetitive salary, company car, and commission structurePaid holidaysComprehensive benefits package including:Pension & life assuranceEmployee assistance programEmployee referral schemeDiscounts on high street brandsCycle-to-work schemeDiscounts on Johnson Controls security productsExtensive training opportunities—product knowledge, cross-training, and access to outstanding resourcesEncouraging and collaborative team environmentClear career development paths through multiple career laddersCommitment to safety through our Zero Harm policyAccess to business resource groups and training on our company values Hybrid:","
          <strong>Looking for Your Next Sales Adventure?<br><br></strong>Are you a driven sales professional who thrives on building relationships and delivering results? At Johnson Controls, we bring innovative solutions to life. As a global leader in creating intelligent buildings, efficient energy solutions, and integrated infrastructure<br><br>We&#x2019;re always on the lookout for talented individuals who want to take their career to the next level&#x2014;whether that&#x2019;s in account management, business development, or strategic sales.<br><br>If you&#x2019;re curious about what&#x2019;s next, let&#x2019;s start the conversation by applying for a confidential conversation with our team.<br><br><strong>Why Join Us?<br><br></strong>At Johnson Controls, we&#x2019;re transforming the world with intelligent buildings and sustainable solutions. For over 140 years, we&#x2019;ve led the way in innovation&#x2014;creating smart building automation, energy efficiency, and advanced fire and security systems. Join a global team where your work drives real impact, improves lives, and protects our planet. We offer world-class training, career growth, and a collaborative culture that values your ideas. Ready to shape the future of intelligent cities? Let&#x2019;s connect today.<br><br><strong>What We Offer<br><br></strong><ul><li>Competitive salary, company car, and commission structure</li><li>Paid holidays</li><li>Comprehensive benefits package including:</li><ul><li>Pension &amp; life assurance</li><li>Employee assistance program</li><li>Employee referral scheme</li><li>Discounts on high street brands</li><li>Cycle-to-work scheme</li><li>Discounts on Johnson Controls security products</li></ul><li>Extensive training opportunities&#x2014;product knowledge, cross-training, and access to outstanding resources</li><li>Encouraging and collaborative team environment</li><li>Clear career development paths through multiple career ladders</li><li>Commitment to safety through our Zero Harm policy</li><li>Access to business resource groups and training on our company values</li><li> Hybrid:<br></li></ul>
        ",Full-time,1 week ago,Full-time,linkedin,5,True,"[""Johnson Controls""]",0,,,This role involves sales professionalism in a B2B environment focused on intelligent building solutions.,,,,,,,,,0.5136944862835259
,,"IT Infra Solutions Engineer (Microsoft 365, Intune, etc.) : EIRE ...",,,,,,,,,Mid,,,,,,,,,https://www.daijob.com/en/jobs/detail/1509071,"IT Infra Solutions Engineer (Microsoft 365, Intune, etc.) : EIRE Systems K.K. : Find jobs in Japan on Daijob.com Updated 2026-05-08 Activated 2026-05-08 IT Infra Solutions Engineer (Microsoft 365, Intune, etc.) Company Name EIRE Systems K.K. Job Type IT (Hardware/Network) - Server Architect and Developer IT (Hardware/Network) - Network Engineer IT (Hardware/Network) - Server and Machine Operation and Maintenance Industry IT Consulting Location Asia Japan Tokyo Minato Job Description EIRE Systems' IT Solutions Engineers consult with mid-sized companies in and around the Tokyo area, to define and standardize their organization’s infrastructure, providing strategic designs and tactical solutions best fitted to each clients’ business needs. The Microsoft Cloud Solutions Engineer is a critical member of our IT Managed Services team for designing, implementing, managing and supporting modern IT Infrastructure and end-user computing solutions and support services. The scope of the role is wide-ranging, functioning as a technology infrastructure generalist and key point of escalation for client or vendor-related technical matters. The role includes solution design, configuration, implementation and technical support of technology solutions encompassing virtualization, servers, storage, desktop and mobile technologies, email, networks, telecoms and security. A key focus on this role will be on engineering and technical support for Microsoft cloud-based products, including: ・    Set-up, configuring, implementing and migrating new Microsoft Azure environments for clients, utilizing Microsoft Entra, Autopilot, Intune, Endpoint Manager, Exchange Online, Defender, SharePoint, OneDrive etc. ・    Plan and execute the migration of client data (including email) to Microsoft 365. ・    Work with other senior IT engineers and sales team to formulate solutions and make client presentations during pre-sales phase. ・    Review existing security of clients’ environment and make recommendations on how to improve their overall security. Customer Management and Team Work: ・    Your excellent written and verbal communication and interpersonal skills will always be on display through one-to-one interactions with customers and through your dealings with other team members. In addition to technical expertise, you will add value through customer-facing Japanese communication skills and cultural sensitivity. Company Info For 30 years, EIRE Systems has provided professional IT Services to multinational corporations operating in Japan, as well as Japanese companies looking to expand into overseas markets. Working with our clients we: • Manage their IT infrastructure and technology upgrade projects. • Design and implement new technology solutions. • Support and manage their existing IT environments using our on-site and remote Managed Services and Outsourcing Solutions. As a company that started up here in Tokyo, EIRE Systems is owned and managed by IT professionals who are originally from Ireland. We have built a truly international business culture, offering a unique blend of Japanese and Western business practices. EIRE Systems provides a wide-range of career choices for internationally-minded technology and support professionals. From the company’s small beginnings, EIRE Systems currently has 150 Tokyo-based employees and is expanding it’s local, regional and global expertise. We have established offices in Hong Kong, Singapore and Shanghai and are reaching further as we grow our presence throughout the Asia-Pacific. Job Requirements Language Skill Requirements: ・Japanese (JLPT N2 level or above) Technical requirements: ・A track-record of successfully building and supporting technology infrastructure solutions for businesses ・Technical knowledge and hands-on experience designing and implementing Microsoft cloud-based solutions and services such as Microsoft 365, Azure, Entra, Autopilot/Intune, Endpoint Manager, Defender, etc. ・At minimum, we’re seeking an engineer with hands-on experience designing and implementing, from scratch, a Microsoft tenant, including Intune, and; experience setting up and migrating data, accounts, emails, etc. to and from Microsoft tenants ・Working knowledge of a variety of Windows Operating Systems and Microsoft applications and technologies such as Windows 2012~2022 Server, SharePoint, Microsoft Exchange 2010~2019; Windows 10/11; Active Directory, Group Policy, Security Groups, PowerShell etc. ・Good fundamental understanding of networking, such as IPSec tunnels, DNS, subnets, VLANs, and firewalls. The basics for troubleshooting & supporting various switching, routing, VLAN, voice, proxy and virtual network technologies and solutions. English Level Fluent (TOEIC 865-) Japanese Level Business Level(JLPT Level 2 or N2) Salary JPY  - Japanese Yen   JPY 7000K -  JPY 9500K Other Salary Description Social Insurance Commuting/ Transportation Allowance Relaxation Facilities Holidays Paid Holidays Sick Leave Congratulatory or Condolence Leave Child-care Leave Like Apply You will now be redirected to an external site. Please confirm each site’s terms of agreement (privacy policy) in regards to the management of personal information. Agree and Redirect Cancel People who viewed this job offer also looked into these. IT Infrastructure Project Manager JPY 8000K -  JPY 12000K Japan ◆◇◆Data center operations◆Osaka/Tokyo◆Language skills can be utilized◆VISA support available◆ Depends on experience Japan Infrastructure Operations Lead (Global Biotech Company) Depends on experience Japan Data Center Operations Support Engineer JPY 4500K -  JPY 5500K Japan 【SecOps Consultant】Global Environment/Company Event Depends on experience Japan [IT Support Engineer] ★International Team in Japan★Great work-life balance★Comprehensive training★ Depends on experience Japan Customer Service Technical Customer Support ◆ Ability to utilize Chinese and English JPY 4000K -  JPY 5000K Japan Additional listings by this company Microsoftクラウドソリューションエンジニア（Azure・M365設計... / JPY  - Japanese Yen   JPY 7000K -  JPY 10000K Project Manager (Data Center - Fiber Cable Infrastructure) / JPY  - Japanese Yen   JPY 9000K -  JPY 12000K We use cookies to deliver our services. By visiting our website, you agree to the use of cookies as described in our Privacy Policy Click here to hide.","IT Infra Solutions Engineer (Microsoft 365, Intune, etc.) : EIRE Systems K.K. : Find jobs in Japan on Daijob.com Updated 2026-05-08 Activated 2026-05-08 IT Infra Solutions Engineer (Microsoft 365, Intune, etc.) Company Name EIRE Systems K.K. Job Type IT (Hardware/Network) - Server Architect and Developer IT (Hardware/Network) - Network Engineer IT (Hardware/Network) - Server and Machine Operation and Maintenance Industry IT Consulting Location Asia Japan Tokyo Minato Job Description EIRE Systems' IT Solutions Engineers consult with mid-sized companies in and around the Tokyo area, to define and standardize their organization’s infrastructure, providing strategic designs and tactical solutions best fitted to each clients’ business needs. The Microsoft Cloud Solutions Engineer is a critical member of our IT Managed Services team for designing, implementing, managing and supporting modern IT Infrastructure and end-user computing solutions and support services. The scope of the role is wide-ranging, functioning as a technology infrastructure generalist and key point of escalation for client or vendor-related technical matters. The role includes solution design, configuration, implementation and technical support of technology solutions encompassing virtualization, servers, storage, desktop and mobile technologies, email, networks, telecoms and security. A key focus on this role will be on engineering and technical support for Microsoft cloud-based products, including: ・    Set-up, configuring, implementing and migrating new Microsoft Azure environments for clients, utilizing Microsoft Entra, Autopilot, Intune, Endpoint Manager, Exchange Online, Defender, SharePoint, OneDrive etc. ・    Plan and execute the migration of client data (including email) to Microsoft 365. ・    Work with other senior IT engineers and sales team to formulate solutions and make client presentations during pre-sales phase. ・    Review existing security of clients’ environment and make recommendations on how to improve their overall security. Customer Management and Team Work: ・    Your excellent written and verbal communication and interpersonal skills will always be on display through one-to-one interactions with customers and through your dealings with other team members. In addition to technical expertise, you will add value through customer-facing Japanese communication skills and cultural sensitivity. Company Info For 30 years, EIRE Systems has provided professional IT Services to multinational corporations operating in Japan, as well as Japanese companies looking to expand into overseas markets. Working with our clients we: • Manage their IT infrastructure and technology upgrade projects. • Design and implement new technology solutions. • Support and manage their existing IT environments using our on-site and remote Managed Services and Outsourcing Solutions. As a company that started up here in Tokyo, EIRE Systems is owned and managed by IT professionals who are originally from Ireland. We have built a truly international business culture, offering a unique blend of Japanese and Western business practices. EIRE Systems provides a wide-range of career choices for internationally-minded technology and support professionals. From the company’s small beginnings, EIRE Systems currently has 150 Tokyo-based employees and is expanding it’s local, regional and global expertise. We have established offices in Hong Kong, Singapore and Shanghai and are reaching further as we grow our presence throughout the Asia-Pacific. Job Requirements Language Skill Requirements: ・Japanese (JLPT N2 level or above) Technical requirements: ・A track-record of successfully building and supporting technology infrastructure solutions for businesses ・Technical knowledge and hands-on experience designing and implementing Microsoft cloud-based solutions and services such as Microsoft 365, Azure, Entra, Autopilot/Intune, Endpoint Manager, Defender, etc. ・At minimum, we’re seeking an engineer with hands-on experience designing and implementing, from scratch, a Microsoft tenant, including Intune, and; experience setting up and migrating data, accounts, emails, etc. to and from Microsoft tenants ・Working knowledge of a variety of Windows Operating Systems and Microsoft applications and technologies such as Windows 2012~2022 Server, SharePoint, Microsoft Exchange 2010~2019; Windows 10/11; Active Directory, Group Policy, Security Groups, PowerShell etc. ・Good fundamental understanding of networking, such as IPSec tunnels, DNS, subnets, VLANs, and firewalls. The basics for troubleshooting & supporting various switching, routing, VLAN, voice, proxy and virtual network technologies and solutions. English Level Fluent (TOEIC 865-) Japanese Level Business Level(JLPT Level 2 or N2) Salary JPY  - Japanese Yen   JPY 7000K -  JPY 9500K Other Salary Description Social Insurance Commuting/ Transportation Allowance Relaxation Facilities Holidays Paid Holidays Sick Leave Congratulatory or Condolence Leave Child-care Leave Like Apply You will now be redirected to an external site. Please confirm each site’s terms of agreement (privacy policy) in regards to the management of personal information. Agree and Redirect Cancel People who viewed this job offer also looked into these. IT Infrastructure Project Manager JPY 8000K -  JPY 12000K Japan ◆◇◆Data center operations◆Osaka/Tokyo◆Language skills can be utilized◆VISA support available◆ Depends on experience Japan Infrastructure Operations Lead (Global Biotech Company) Depends on experience Japan Data Center Operations Support Engineer JPY 4500K -  JPY 5500K Japan 【SecOps Consultant】Global Environment/Company Event Depends on experience Japan [IT Support Engineer] ★International Team in Japan★Great work-life balance★Comprehensive training★ Depends on experience Japan Customer Service Technical Customer Support ◆ Ability to utilize Chinese and English JPY 4000K -  JPY 5000K Japan Additional listings by this company Microsoftクラウドソリューションエンジニア（Azure・M365設計... / JPY  - Japanese Yen   JPY 7000K -  JPY 10000K Project Manager (Data Center - Fiber Cable Infrastructure) / JPY  - Japanese Yen   JPY 9000K -  JPY 12000K We use cookies to deliver our services. By visiting our website, you agree to the use of cookies as described in our Privacy Policy Click here to hide.",,Full-time,,,japan_boards,13,True,"[""Microsoft 365"", ""Intune"", ""Exchange Online""]",3,60000.0,90000.0,"Involves direct client management and implementation, fitting enterprise sales criteria.",,,,,,,,"The Microsoft Cloud Solutions Engineer is a critical member of our IT Managed Services team for designing, implementing, managing and supporting modern IT ...",0.5079537506786485
,,Pure Storage Systems (Pre-sales) Engineer | Welcome to the Jungle ...,,,,,,,,,Senior,,,,,,,,,https://app.welcometothejungle.com/jobs/J-Hmj709/company,"Pure Storage Systems (Pre-sales) Engineer | Welcome to the Jungle (formerly Otta) Systems (Pre-sales) Engineer , Pure Storage Public Sector Salary not provided Unix Senior level Remote from Germany Data storage company Job no longer available Data storage company 1001+ employees B2B Artificial Intelligence Data storage Enterprise Big data Deep Tech SaaS Job no longer available Salary not provided Unix Senior level Remote from Germany 1001+ employees B2B Artificial Intelligence Data storage Enterprise Big data Deep Tech SaaS Company mission To redefine the storage experience and empower innovators by simplifying how people consume and interact with data. Job Company Jump to section Company mission To redefine the storage experience and empower innovators by simplifying how people consume and interact with data. Top investors 19 % employee growth in 12 months Glassdoor ( 3.7 ) Our take Named one of the top 50 Hottest Edge Hardware, Software, and Services Companies of 2022, Pure Storage is a data storage company that helps tech and software businesses leverage the continuous innovations of AI and machine learning through its storage solutions. From Roblox to NASA, many of Pure Storage’s customers are leaders in their fields. After seeing rapid revenue growth in the early 2010s despite overall losses, Pure Storage’s 2015 IPO benefitted the company over the next half-decade, spreading losses with public trade. The risk especially paid off when many companies migrated to cloud services in the 2020s. As data centers flew into the crosshairs of sustainable energy efforts, Pure Storage has remained on the right side of publicity through its Evergreen // One portfolio, a flexible consumption-based storage model for providers. In January 2023, Pure Storage reported continued subscription growth for this model and should continue on track as its hefty and influential client list evolves to meet sustainability goals. Kirsty Company Specialist at Welcome to the Jungle Funding (last 2 of 8 rounds) Apr 2014 $225m SERIES F Aug 2013 $150m SERIES E Total funding: $474.9m This company has top investors Leadership John Colgrove (CTO) Previously EIR at Sutter Hill Ventures, Fellow at Symantec Software, and Engineer at Amdahl. Office 2555 Augustine Drive, Santa Clara, CA 95054, US Job s ( 80 ) Software Engineering Applied AI Engineer Cloud Native Architect (Portworx) Commercial Pre-Sales Systems Engineering Manager (Northeast) Consulting Field Solutions Architect (Cyber Resilience - Global/Strategics) Engineering Manager (DFM Firmware) Enterprise Solutions Architect (Advanced Services) Enterprise Systems Engineering Manager Principal Full Stack Engineer (Digital Experience) Senior Firmware Engineer (PCI Express, Systems Engineering) Senior Platform Embedded Software Engineer (Systems Engineering) Senior Platform Networking Software Engineer (Systems Engineering) Senior Platform Software Engineer (System Engineering) Senior Pre-Sales Systems Engineer (Everpure Protect) Senior Pre-Sales Systems Engineer (Enterprise) Senior Pre-Sales Systems Engineer (Western Canada) Senior Quality Engineer (Hyperscale) Senior Security Operations Manager (Detection Engineering & Incident Response) Senior Software Engineer (Production Engineering) Senior Software Engineer (Datapath) Software Engineer (Hyperscale Line of Business) Software Engineer Software Engineer Software Infrastructure Engineer (Hardware) Staff Software Engineer (Hyperscale Build Infrastructure) Technical Lead Distributed Systems (Portworx) Marketing Director of Social Media Journey Orchestration Lead Marketing Operations (Budget Planning & Analytics Specialist) Senior Journey Manager (Lifecycle Marketing) Senior Product Marketing Manager (FlashBlade) Senior Product Marketing Manager (Everpure Platform) Data Senior Manager of Data & Analytics (MDM & Governance) People, HR, Recruitment Administrative Assistant HR Business Partner Director Recruiter (G&A) Recruiting Coordinator (12 Month Contract) Senior Talent Sourcer Operations & Strategy Commercial Strategy & Transformation Manager Executive Sponsorship Program Manager Product Growth Product Manager (Subscription Products & Lifecycle) Principal Product Manager (AI, Commerce Platform) Principal Product Manager (FlashArray / ST) Principle Product Manager (OEM Growth) Product Manager (Systems, FlashArray & FlashBlade) Senior Manager of Product Management (Data Protection) Senior Product Manager (Data Protection) Senior Product Manager (FlashArray Core) Senior Release Manager Senior Technical Program Manager (Hyperscale Operations) Finance, Legal & Compliance Cost Accounting Manager Legal Counsel (IP & Product) Senior Finance Manager (Americas Sales) Senior Finance Manager Marketing Senior Legal Counsel (IP Prosecution and Litigation) Senior Manager of International Revenue & Accounts Receivable Accounting Treasury Manager Other Engineering Hardware Lead Engineer (Hyperscale Line of Business) Senior Hardware Engineer Senior Hardware PCIe Engineer (Everpure Platform) Senior Technical Marketing Engineer (Portworx) Signal Integrity Hardware Engineer (Everpure Platform) Sales & Account Management Account Executive (Portworx) Account Executive (Low Enterprise, SBF-120, & Mid-Market, France) Client Solutions Director (Strategic Accounts (Financial Services Industry) UK) Deal Strategy and Pricing Manager Deal Strategy and Pricing Manager Director of Cisco Global Alliance Director of Partner Program Infrastructure (Commercial Line of Business) District Manager of Strategic Accounts (EMEA Telco) District Sales Manager (Commercial Select, France) National Partner Manager (Insight West) Sales Operations Manager (Subscriptions) Senior Account Executive (GSI - Kyndryl and Accenture) Senior Account Executive (GSI Sales) Senior Customer Success Manager (Portworx) Senior Sales Operations Partner (France) Strategic Account Executive (GSI, France) Strategic Sales Executive (AI Product Line) Territory Account Executive (Northeast) Territory Account Executive Save","Pure Storage Systems (Pre-sales) Engineer | Welcome to the Jungle (formerly Otta) Systems (Pre-sales) Engineer , Pure Storage Public Sector Salary not provided Unix Senior level Remote from Germany Data storage company Job no longer available Data storage company 1001+ employees B2B Artificial Intelligence Data storage Enterprise Big data Deep Tech SaaS Job no longer available Salary not provided Unix Senior level Remote from Germany 1001+ employees B2B Artificial Intelligence Data storage Enterprise Big data Deep Tech SaaS Company mission To redefine the storage experience and empower innovators by simplifying how people consume and interact with data. Job Company Jump to section Company mission To redefine the storage experience and empower innovators by simplifying how people consume and interact with data. Top investors 19 % employee growth in 12 months Glassdoor ( 3.7 ) Our take Named one of the top 50 Hottest Edge Hardware, Software, and Services Companies of 2022, Pure Storage is a data storage company that helps tech and software businesses leverage the continuous innovations of AI and machine learning through its storage solutions. From Roblox to NASA, many of Pure Storage’s customers are leaders in their fields. After seeing rapid revenue growth in the early 2010s despite overall losses, Pure Storage’s 2015 IPO benefitted the company over the next half-decade, spreading losses with public trade. The risk especially paid off when many companies migrated to cloud services in the 2020s. As data centers flew into the crosshairs of sustainable energy efforts, Pure Storage has remained on the right side of publicity through its Evergreen // One portfolio, a flexible consumption-based storage model for providers. In January 2023, Pure Storage reported continued subscription growth for this model and should continue on track as its hefty and influential client list evolves to meet sustainability goals. Kirsty Company Specialist at Welcome to the Jungle Funding (last 2 of 8 rounds) Apr 2014 $225m SERIES F Aug 2013 $150m SERIES E Total funding: $474.9m This company has top investors Leadership John Colgrove (CTO) Previously EIR at Sutter Hill Ventures, Fellow at Symantec Software, and Engineer at Amdahl. Office 2555 Augustine Drive, Santa Clara, CA 95054, US Job s ( 80 ) Software Engineering Applied AI Engineer Cloud Native Architect (Portworx) Commercial Pre-Sales Systems Engineering Manager (Northeast) Consulting Field Solutions Architect (Cyber Resilience - Global/Strategics) Engineering Manager (DFM Firmware) Enterprise Solutions Architect (Advanced Services) Enterprise Systems Engineering Manager Principal Full Stack Engineer (Digital Experience) Senior Firmware Engineer (PCI Express, Systems Engineering) Senior Platform Embedded Software Engineer (Systems Engineering) Senior Platform Networking Software Engineer (Systems Engineering) Senior Platform Software Engineer (System Engineering) Senior Pre-Sales Systems Engineer (Everpure Protect) Senior Pre-Sales Systems Engineer (Enterprise) Senior Pre-Sales Systems Engineer (Western Canada) Senior Quality Engineer (Hyperscale) Senior Security Operations Manager (Detection Engineering & Incident Response) Senior Software Engineer (Production Engineering) Senior Software Engineer (Datapath) Software Engineer (Hyperscale Line of Business) Software Engineer Software Engineer Software Infrastructure Engineer (Hardware) Staff Software Engineer (Hyperscale Build Infrastructure) Technical Lead Distributed Systems (Portworx) Marketing Director of Social Media Journey Orchestration Lead Marketing Operations (Budget Planning & Analytics Specialist) Senior Journey Manager (Lifecycle Marketing) Senior Product Marketing Manager (FlashBlade) Senior Product Marketing Manager (Everpure Platform) Data Senior Manager of Data & Analytics (MDM & Governance) People, HR, Recruitment Administrative Assistant HR Business Partner Director Recruiter (G&A) Recruiting Coordinator (12 Month Contract) Senior Talent Sourcer Operations & Strategy Commercial Strategy & Transformation Manager Executive Sponsorship Program Manager Product Growth Product Manager (Subscription Products & Lifecycle) Principal Product Manager (AI, Commerce Platform) Principal Product Manager (FlashArray / ST) Principle Product Manager (OEM Growth) Product Manager (Systems, FlashArray & FlashBlade) Senior Manager of Product Management (Data Protection) Senior Product Manager (Data Protection) Senior Product Manager (FlashArray Core) Senior Release Manager Senior Technical Program Manager (Hyperscale Operations) Finance, Legal & Compliance Cost Accounting Manager Legal Counsel (IP & Product) Senior Finance Manager (Americas Sales) Senior Finance Manager Marketing Senior Legal Counsel (IP Prosecution and Litigation) Senior Manager of International Revenue & Accounts Receivable Accounting Treasury Manager Other Engineering Hardware Lead Engineer (Hyperscale Line of Business) Senior Hardware Engineer Senior Hardware PCIe Engineer (Everpure Platform) Senior Technical Marketing Engineer (Portworx) Signal Integrity Hardware Engineer (Everpure Platform) Sales & Account Management Account Executive (Portworx) Account Executive (Low Enterprise, SBF-120, & Mid-Market, France) Client Solutions Director (Strategic Accounts (Financial Services Industry) UK) Deal Strategy and Pricing Manager Deal Strategy and Pricing Manager Director of Cisco Global Alliance Director of Partner Program Infrastructure (Commercial Line of Business) District Manager of Strategic Accounts (EMEA Telco) District Sales Manager (Commercial Select, France) National Partner Manager (Insight West) Sales Operations Manager (Subscriptions) Senior Account Executive (GSI - Kyndryl and Accenture) Senior Account Executive (GSI Sales) Senior Customer Success Manager (Portworx) Senior Sales Operations Partner (France) Strategic Account Executive (GSI, France) Strategic Sales Executive (AI Product Line) Territory Account Executive (Northeast) Territory Account Executive Save",,Remote,,,serper,4,True,"[""Data storage"", ""AI""]",0,,,The position is in the context of B2B enterprise solutions.,,,,,,,,Apply for Pure Storage Systems (Pre-sales) Engineer on Welcome to the Jungle (formerly Otta} ... Systems (Pre-sales) Engineer ... (EMEA Telco) · Enterprise Account ...,0.5011187207841317
